ID;DAN;LETO;DAN_V_TEDNU;TEDEN;DAN_V_MESECU;DATUM;PRA_DAN;PRA_PRED;PRA_NASL;PRA;BDP1;BDP2;BDP3;URA_VEC;URA_MANJ;MIN_VREDNOST;MAX_VREDNOST;STEVEC;MIN_PRET_TED;MAX_PRET_TED;TEMP_MIN;TEMP_MAX;MIN_VRED_LM1;MAX_VRED_LM1;PMIN_VRED_LM1;PMAX_VRED_LM1;RPMIN_VRED_LM1;RPMAX_VRED_LM1
4394;7;2012;6;1;7;7.01.2012;0;0;0;0;8665;-0,4;-0,2;0;0;910799,2196;1341292,08;24;768580,19;1356135,171;-3,54;6,96;918009,3016;1463812,453;878865,7527;1353361,412;881102,8285;1356806,275
4395;8;2012;7;1;8;8.01.2012;0;0;0;0;8665;-0,4;-0,2;0;0;808978,4955;1299347,85;24;732239,0154;1097273,92;-3,06;7,98;806878,5555;1322471,904;789675,0528;1302986,299;791685,1015;1306302,937
4396;9;2012;1;2;9;9.01.2012;0;0;0;0;8665;-0,4;-0,2;0;0;865185,6994;1634799,22;24;723862,6649;1239909,445;-3,18;9,12;856517,9152;1618444,884;859635,1201;1633467,73;861823,2461;1637625,579
4397;10;2012;2;2;10;10.01.2012;0;0;0;0;8665;-0,4;-0,2;0;0;857762,438;1443480,83;24;672229,402;1358702,237;-2,58;9,3;848380,3675;1454486,136;864111,9607;1466199,363;866311,482;1469931,445
4398;11;2012;3;2;11;11.01.2012;0;0;0;0;8665;-0,4;-0,2;0;0;903202,2384;1503269,95;24;835758,4576;1443534,884;-3,6;8,68;884622,8336;1490064,426;902562,9037;1520159,84;904860,2986;1524029,274
4399;12;2012;4;2;12;12.01.2012;0;0;0;0;8665;-0,4;-0,2;0;0;922446,783;1534728,35;24;878952,6;1487430,585;-4,56;8,3;907171,371;1511087,607;932360,967;1548785,289;934734,2102;1552727,586
4400;13;2012;5;2;13;13.01.2012;0;0;0;0;8665;-0,4;-0,2;0;0;928804,0216;1547925,17;24;892846,2725;1492241,014;-2,96;8,24;904573,4607;1507163,094;930462,0507;1551439,259;932830,4604;1555388,312
4401;14;2012;6;2;14;14.01.2012;0;0;0;0;8665;-0,4;-0,2;0;0;914522,1774;1374819,95;24;901109,8662;1327023,017;-4,74;6,98;897183,8433;1381073,65;918084,2169;1433920,934;920421,1199;1437570,854
4402;15;2012;7;2;15;15.01.2012;0;0;0;0;8665;-0,4;-0,2;0;0;861771,068;1364832,93;24;826375,8825;1327290,819;-7,94;5,68;815928,7325;1321204,15;839196,2908;1358865,459;841332,3915;1362324,332
4403;16;2012;1;3;16;16.01.2012;0;0;0;0;8665;-0,4;-0,2;0;0;853452,054;1590328,48;24;811669,0582;1533677,618;-8,76;2,96;814671,3484;1529527,718;824173,2287;1544803,976;826271,0895;1548736,139
4404;17;2012;2;3;17;17.01.2012;0;0;0;0;8665;-0,4;-0,2;0;0;1015654,541;1688749,22;24;968766,9888;1630284,23;-7,94;4,86;967835,328;1634095,402;984339,568;1657967,114;986845,1182;1662187,324
4405;18;2012;3;3;18;18.01.2012;0;0;0;0;8665;-0,4;-0,2;0;0;915269,9976;1518029,44;24;892938,5766;1486187,34;-5,2;6,02;877843,7112;1496381,948;891142,1803;1497598,071;893410,5047;1501410,076
4406;19;2012;4;3;19;19.01.2012;0;0;0;0;8665;-0,4;-0,2;0;0;1003962,945;1652940,72;24;973693,8265;1619991,034;-4,72;5,18;969952,337;1636839,313;976884,9588;1632427,614;979371,534;1636582,815
4407;20;2012;5;3;20;20.01.2012;0;0;0;0;8665;-0,4;-0,2;0;0;965289,8258;1642521,03;24;959423,9344;1598955,67;-1,9;5,7;968734,5592;1637129,897;967729,6459;1613122,269;970192,917;1617228,33
4408;21;2012;6;3;21;21.01.2012;0;0;0;0;8665;-0,4;-0,2;0;0;862266,9267;1322328,89;24;855520,7466;1286121,887;-4,08;6,86;887611,0098;1377452,452;876334,0263;1360943,288;878564,6579;1364407,45
4409;22;2012;7;3;22;22.01.2012;0;0;0;0;8665;-0,4;-0,2;0;0;770276,7111;1221594,1;24;789200,8728;1249899,629;-0,84;10,42;803540,5695;1286208,061;787294,0648;1272714,036;789298,0529;1275953,618
4410;23;2012;1;4;23;23.01.2012;0;0;0;0;8665;-0,4;-0,2;0;0;829003,5438;1555680,61;24;872209,242;1625280,75;-2,12;10,06;873086,976;1621418,535;865708,2971;1606531,994;867911,8818;1610621,28
4411;24;2012;2;4;24;24.01.2012;0;0;0;0;8665;-0,4;-0,2;0;0;979718,7015;1683754,73;24;1047393,745;1741522,632;-0,78;7,1;1059106,752;1750126,316;1034929,949;1727399,081;1037564,272;1731796,024
4412;25;2012;3;4;25;25.01.2012;0;0;0;0;8665;-0,4;-0,2;0;0;996656,9774;1662037,56;24;1020473,446;1692515,577;-5,28;5,66;1026876,037;1698370,09;1011419,026;1694309,347;1013993,504;1698622,063
4413;26;2012;4;4;26;26.01.2012;0;0;0;0;8665;-0,4;-0,2;0;0;1021941,295;1686902,17;24;1035667,038;1705138,848;-8,02;3,86;1034810,636;1717998,398;1032764,605;1711337,358;1035393,417;1715693,417
4414;27;2012;5;4;27;27.01.2012;0;0;0;0;8665;-0,4;-0,2;0;0;924841,676;1518891,99;24;903675,5816;1537679,264;-8,8;3,06;936226,2096;1540362,41;929319,5941;1535804,659;931685,0958;1539713,915
4415;28;2012;6;4;28;28.01.2012;0;0;0;0;8665;-0,4;-0,2;0;0;950408,6454;1422669,58;24;921733,6113;1413523,991;-7,78;2,42;964303,1616;1510881,515;952802,5615;1465479,762;955227,837;1469210,012
4416;29;2012;7;4;29;29.01.2012;0;0;0;0;8665;-0,4;-0,2;0;0;791691,5001;1305363,96;24;770276,7111;1221594,101;-3,88;0,02;811122,6804;1321989,195;797506,0378;1266610,163;799536,0196;1269834,208
4417;30;2012;1;5;30;30.01.2012;0;0;0;0;8665;-0,4;-0,2;0;0;924594,4843;1699721,12;24;864659,6102;1622591,605;-5,76;0,76;929804,1409;1705357,766;898207,681;1614434,965;900493,99;1618544,368
4418;31;2012;2;5;31;31.01.2012;0;0;0;0;8665;-0,4;-0,2;0;0;1009980,445;1690564,01;24;940134,1075;1615724,233;-9;-2,96;1005275,522;1676327,82;957326,1815;1563672,751;959762,9715;1567652,943
4419;32;2012;3;5;1;1.02.2012;0;0;0;0;8665;-0,4;-0,2;0;0;1067824,148;1792731,09;24;1017206,606;1696306,372;-6,08;-2,52;1049844,738;1751563,193;1001675,644;1715603,621;1004225,322;1719970,539
4420;33;2012;4;5;2;2.02.2012;0;0;0;0;8665;-0,4;-0,2;0;0;1088024,734;1789395,89;24;1021941,295;1686902,165;-7,74;-3,66;1062900,768;1727484,7;1027595,954;1696709,489;1030211,61;1701028,315
4421;34;2012;5;5;3;3.02.2012;0;0;0;0;8665;-0,4;-0,2;0;0;997081,3112;1646200,77;24;935351,2405;1536152,122;-10,5;-6,52;955568,8632;1551855,905;934071,0704;1533482,742;936448,6666;1537386,088
4422;35;2012;6;5;4;4.02.2012;0;0;0;0;8665;-0,4;-0,2;0;0;1078750,493;1683372,11;24;991286,4366;1483859,673;-8,92;-6,16;985936,1203;1473887,462;979158,4005;1507456,611;981650,7625;1511293,709
4423;36;2012;7;5;5;5.02.2012;0;0;0;0;8665;-0,4;-0,2;0;0;928146,1826;1467172,63;24;828091,1093;1365380,689;-12,16;-5,28;813618,3055;1246420,967;818767,8074;1314596,247;820851,9092;1317942,436
4424;37;2012;1;6;6;6.02.2012;0;0;0;0;8665;-0,4;-0,2;0;0;911932,304;1602981,75;24;819743,5634;1506969,237;-11,42;-6,18;757314,0478;1282721,175;788508,4953;1417277,836;790515,5746;1420885,392
4425;38;2012;2;6;7;7.02.2012;0;0;1;1;8665;-0,4;-0,2;0;0;1132149,614;1814561,23;24;1031243,191;1726154,828;-8,84;-3,76;868291,3775;1363387,37;959164,6926;1589848,168;961606,1624;1593894,987
4426;39;2012;3;6;8;8.02.2012;1;0;0;1;8665;-0,4;-0,2;0;0;964296,4655;1371018,48;24;916818,7125;1539213,558;-13,18;-0,64;778851,957;1426849,185;849798,3092;1471973,467;851961,3964;1475720,246
4427;40;2012;4;6;9;9.02.2012;0;1;0;1;8665;-0,4;-0,2;0;0;1069521,373;1793319,38;24;1088024,734;1789395,887;-15,44;-0,44;985076,4588;1644645,369;1024188,425;1690991,904;1026795,407;1695296,176
4428;41;2012;5;6;10;10.02.2012;0;0;0;0;8665;-0,4;-0,2;0;0;1033443,495;1644871,6;24;1008284,472;1664697,411;-9,4;-5,26;909889,083;1507475,52;932091,444;1534905,897;934464,0012;1538812,866
4429;42;2012;6;6;11;11.02.2012;0;0;0;0;8665;-0,4;-0,2;0;0;1035225,938;1616851,95;24;1034265,936;1613954,708;-9;-6,32;906760,0812;1411890,242;926382,7278;1418930,397;928740,7539;1422542,16
4430;43;2012;7;6;12;12.02.2012;0;0;0;0;8665;-0,4;-0,2;0;0;903691,7066;1420538,8;24;877149,1396;1386558,753;-8,84;-4,56;750628,2616;1242366,836;758610,3975;1217867,288;760541,3738;1220967,262
4431;44;2012;1;7;13;13.02.2012;0;0;0;0;8665;-0,4;-0,2;0;0;958134,852;1660578,41;24;954347,76;1677539,043;-9,74;-0,12;820307,097;1524919,869;817364,394;1463666,067;819444,9235;1467391,701
4432;45;2012;2;7;14;14.02.2012;0;0;0;0;8665;-0,4;-0,2;0;0;1019459,32;1621624,54;24;1027104,804;1646199,878;-13,6;2,34;891579,2424;1537313,008;864889,4555;1433529,659;867090,9559;1437178,584
4433;46;2012;3;7;15;15.02.2012;0;0;0;0;8665;-0,4;-0,2;0;0;1004956,436;1590969,65;24;986985,7941;1403277,74;-11,5;4,48;889611,975;1520149,799;869165,8382;1494451,734;871378,2238;1498255,73
4434;47;2012;4;7;16;16.02.2012;0;0;0;0;8665;-0,4;-0,2;0;0;987540,8928;1558553,2;24;960386,5392;1610327,602;-5,14;7,12;920038,2488;1527289,966;921205,56;1506649,276;923550,4081;1510484,32
4435;48;2012;5;7;17;17.02.2012;0;0;0;0;8665;-0,4;-0,2;0;0;1002199,644;1577588,92;24;1033443,495;1644871,599;-8,82;9,18;920079,657;1527949,683;932882,709;1525054,764;935257,2803;1528936,657
4436;49;2012;6;7;18;18.02.2012;0;0;0;0;8665;-0,4;-0,2;0;0;967317,2376;1409220,23;24;1024094,476;1599466,442;-6,26;9,44;917140,226;1416396,736;923600,972;1421310,628;925951,9174;1424928,45
4437;50;2012;7;7;19;19.02.2012;0;0;0;0;8665;-0,4;-0,2;0;0;910573,7842;1404820,77;24;1019280,181;1602235,621;-5,62;9,12;853023,5581;1391046,241;866333,8399;1412607,569;868539,0169;1416203,238
4438;51;2012;1;8;20;20.02.2012;0;0;0;0;8665;-0,4;-0,2;0;0;862337,9765;1548286,68;24;968780,7948;1679029,279;0,16;4,58;848573,1072;1540625,659;847849,821;1555100,526;850007,9485;1559058,898
4439;52;2012;2;8;21;21.02.2012;0;0;0;0;8665;-0,4;-0,2;0;0;898411,3066;1439445,98;24;996289,79;1584769,438;-2,6;6,36;894557,208;1491697,812;894619,1309;1504406,6;896896,3056;1508235,935
4440;53;2012;3;8;22;22.02.2012;0;0;0;0;8665;-0,4;-0,2;0;0;983019,617;1564090,82;24;1085815;1718978,705;-5,92;9,04;994787,5804;1623696,893;988977,3715;1641010,891;991494,7268;1645187,94
4441;54;2012;4;8;23;23.02.2012;0;0;0;0;8665;-0,4;-0,2;0;0;891450,9568;1414144,85;24;965096,7816;1523131,535;-4,84;9,84;937224,0698;1481382,689;925001,4173;1502874,263;927355,9274;1506699,698
4442;55;2012;5;8;24;24.02.2012;0;0;0;0;8665;-0,4;-0,2;0;0;849470,1015;1364069,72;24;946521,886;1489945,093;-0,6;17,36;914863,8655;1454198,029;901419,713;1452752,17;903714,198;1456450,023
4443;56;2012;6;8;25;25.02.2012;0;0;0;0;8665;-0,4;-0,2;0;0;871945,1248;1300922,47;24;967317,2376;1409220,23;0,36;15,48;956652,7172;1450826,522;941402,0765;1425896,405;943798,3331;1429525,899
4444;57;2012;7;8;26;26.02.2012;0;0;0;0;8665;-0,4;-0,2;0;0;814873,5105;1309871,12;24;891799,067;1375855,389;0,26;11,28;880796,034;1415698,075;863725,8197;1385675,14;865924,3581;1389202,254
4445;58;2012;1;9;27;27.02.2012;0;0;0;0;8665;-0,4;-0,2;0;0;825685,6758;1523623,04;24;881290,4595;1582314,955;-1,96;8,96;884577,9165;1617599,583;876504,0254;1597090,6;878735,0897;1601155,854
4446;59;2012;2;9;28;28.02.2012;0;0;0;0;8665;-0,4;-0,2;0;0;918626,937;1539149,33;24;971537,8083;1556610,183;-3,44;11,12;992703,7434;1642799,486;985210,1382;1615326,945;987717,9044;1619438,618
4447;60;2012;3;9;29;29.02.2012;0;0;0;0;8665;-0,4;-0,2;0;0;959660,9155;1581037,61;24;1014392,584;1614008,608;0,54;18,1;1043219,092;1709754,068;1035016,203;1685910,424;1037650,746;1690201,761
4448;61;2012;4;9;1;1.03.2012;0;0;0;0;8665;-0,4;-0,2;0;0;922850,029;1532909,08;24;974376,6272;1545693,211;1,48;15,8;1025968,349;1677420,459;1015906,827;1634321,023;1018492,729;1638481,045
4449;62;2012;5;9;2;2.03.2012;0;0;0;0;8665;-0,4;-0,2;0;0;890853,4908;1434229,47;24;909432,6969;1460356,989;0,9;19,48;985402,7638;1564123,943;970422,2589;1544662,428;972892,3838;1548594,231
4450;63;2012;6;9;3;3.03.2012;0;0;0;0;8665;-0,4;-0,2;0;0;847700,8722;1274447,88;24;862467,4604;1286782,006;2;12,16;940082,7072;1395134,805;931479,7128;1384791,814;933850,7129;1388316,681
4451;64;2012;7;9;4;4.03.2012;0;0;0;0;8665;-0,4;-0,2;0;0;729152,8904;1189228,15;24;754830,1992;1213354,305;0,28;11,52;810476,2776;1277354,707;793758,988;1268421,188;795779,432;1271649,843
4452;65;2012;1;10;5;5.03.2012;0;0;0;0;8665;-0,4;-0,2;0;0;764119,1448;1446258,49;24;781293,9728;1441707,819;1,4;10,74;830522,3256;1513208,875;812977,0704;1493906,75;815046,4324;1497709,359
4453;66;2012;2;10;6;6.03.2012;0;0;0;0;8665;-0,4;-0,2;0;0;928242,9312;1561950,73;24;928504,646;1555699,323;-0,86;10,24;1006261,578;1607163,759;976029,6329;1597965,699;978514,0309;1602033,181
4454;67;2012;3;10;7;7.03.2012;0;0;0;0;8665;-0,4;-0,2;0;0;915940,1251;1525102,69;24;900300,4465;1483241,469;-3,7;8,46;971254,6298;1569009,051;945383,072;1562908,305;947789,4618;1566886,551
4455;68;2012;4;10;8;8.03.2012;0;0;0;0;8665;-0,4;-0,2;0;0;975117,3417;1606647,93;24;952302,6895;1581831,71;-3,68;11,84;1029174,569;1657623,591;1016248,168;1660211,347;1018834,938;1664437,27
4456;69;2012;5;10;9;9.03.2012;0;0;0;0;8665;-0,4;-0,2;0;0;939021,131;1515532,76;24;920222,2872;1481511,76;-0,28;11,66;977622,231;1562895,691;971656,145;1563981,171;974129,4107;1567962,148
4457;70;2012;6;10;10;10.03.2012;0;0;0;0;8665;-0,4;-0,2;0;0;819700,339;1196841,16;24;791808,507;1190418,353;-4,28;11,76;848227,2485;1236875,137;841582,8863;1251833,783;843725,0619;1255020,216
4458;71;2012;7;10;11;11.03.2012;0;0;0;0;8665;-0,4;-0,2;0;0;770936,0022;1249085,26;24;754010,3753;1229770,014;-1,8;13,86;780640,8246;1257997,832;797626,8118;1278395,182;799657,101;1281649,225
4459;72;2012;1;11;12;12.03.2012;0;0;0;0;8665;-0,4;-0,2;0;0;756555,7671;1426117,59;24;755435,9727;1429823,737;3,52;12,48;762623,1384;1421539,971;781699,524;1451626,726;783689,2717;1455321,715
4460;73;2012;2;11;13;13.03.2012;0;0;0;0;8665;-0,4;-0,2;0;0;856863,6264;1431321,62;24;859118,4576;1445635,248;0,48;14,88;850054,1799;1412610,987;883582,4835;1445419,873;885831,5654;1449099,063
4461;74;2012;3;11;14;14.03.2012;0;0;0;0;8665;-0,4;-0,2;0;0;913512,6568;1507511,95;24;926005,4012;1541862,058;-0,4;16,66;895943,0212;1532376,04;932037,0255;1547531,804;934409,4441;1551470,91
4462;75;2012;4;11;15;15.03.2012;0;0;0;0;8665;-0,4;-0,2;0;0;860989,1576;1446170,81;24;884642,5368;1457577,502;1,2;14,32;871706,1496;1444338,826;893609,9597;1459351,315;895884,5657;1463065,966
4463;76;2012;5;11;16;16.03.2012;0;0;0;0;8665;-0,4;-0,2;0;0;963318,7046;1530542,83;24;978979,477;1580023,512;-1,26;21,02;958583,4916;1577757,625;974884,7822;1579667,851;977366,2661;1583688,757
4464;77;2012;6;11;17;17.03.2012;0;0;0;0;8665;-0,4;-0,2;0;0;869887,0985;1284045,86;24;916135,673;1337645,999;1,14;19,42;892354,1995;1358475,766;903922,397;1346263,734;906223,2523;1349690,53
4465;78;2012;7;11;18;18.03.2012;0;0;0;0;8665;-0,4;-0,2;0;0;675731,025;1139911,85;24;728576,8812;1180454,206;5,64;15,4;731598,6546;1187260,074;721648,6811;1176344,576;723485,5746;1179338,858
4466;79;2012;1;12;19;19.03.2012;0;0;0;0;8665;-0,4;-0,2;0;0;780750,5204;1495064,72;24;817428,0702;1540862,683;7,92;16,06;822652,1954;1552973,878;811567,0605;1524088,655;813632,8335;1527968,09
4467;80;2012;2;12;20;20.03.2012;0;0;0;0;8665;-0,4;-0,2;0;0;882125,5536;1510981,26;24;925806,6768;1546485,434;4,96;16,04;939315,0596;1551720,971;914315,91;1525016,893;916643,2211;1528898,69
4468;81;2012;3;12;21;21.03.2012;0;0;0;0;8665;-0,4;-0,2;0;0;890338,3923;1495540,04;24;923442,1422;1523897,954;2,6;17,8;928221,1704;1540533,338;906201,114;1516524,204;908507,7696;1520384,383
4469;82;2012;4;12;22;22.03.2012;0;0;0;0;8665;-0,4;-0,2;0;0;830281,9518;1376581,22;24;841421,2222;1413303,291;2,44;19,5;855543,2306;1397394,117;841347,3568;1383440,534;843488,9329;1386961,96
4470;83;2012;5;12;23;23.03.2012;0;0;0;0;8665;-0,4;-0,2;0;0;875607,056;1417840,74;24;904340,0084;1436836,128;2,72;20,3;888877,412;1438057,667;884793,3265;1445118,486;887045,4905;1448796,909
4471;84;2012;6;12;24;24.03.2012;0;0;0;0;8665;-0,4;-0,2;0;0;810364,3486;1195522,25;24;814946,8607;1202948,226;3,16;19,9;816358,8724;1215951,331;819922,6697;1221002,668;822009,7111;1224110,623
4472;85;2012;7;12;25;25.03.2012;0;0;0;0;8665;-0,4;-0,2;0;1;704028,0694;1106497,53;23;675731,025;1139911,845;7,12;19,04;695598,917;1152896,581;703420,6285;1144620,93;705211,1241;1147534,463
4473;86;2012;1;13;26;26.03.2012;0;0;0;0;8665;-0,4;-0,2;0;0;699740,0175;1292597,68;24;705997,811;1351920,223;2,3;18,92;712612,2985;1341350,04;721692,1203;1347555,116;723529,1245;1350985,2
4474;87;2012;2;13;27;27.03.2012;0;0;0;0;8665;-0,4;-0,2;0;0;888244,433;1444952,78;24;891509,868;1527055,527;0,7;19,28;894600,1705;1512986,54;908858,1093;1515431,931;911171,5281;1519289,331
4475;88;2012;3;13;28;28.03.2012;0;0;0;0;8665;-0,4;-0,2;0;0;890505,4615;1435185,43;24;909485,4545;1527702,192;3,18;21,5;903726,4595;1491404,972;917752,1582;1513289,238;920088,216;1517141,183
4476;89;2012;4;13;29;29.03.2012;0;0;0;0;8665;-0,4;-0,2;0;0;846832,5104;1382697,2;24;888208,5996;1472621,773;3,82;19,98;873576,5792;1435001,602;885230,0597;1448866,91;887483,3354;1452554,874
4477;90;2012;5;13;30;30.03.2012;0;0;0;0;8665;-0,4;-0,2;0;0;793024,9974;1273798,98;24;818502,248;1325372,866;4,98;18,08;809155,1746;1323780,774;818164,5461;1329970,51;820247,1123;1333355,833
4478;91;2012;6;13;31;31.03.2012;0;0;0;0;8665;-0,4;-0,2;0;0;859639,8214;1265589,82;24;883206,0878;1302984,927;2,32;20,3;879990,7027;1279941,568;884668,7961;1302994,714;802014,5551;1181256,455
4479;92;2012;7;13;1;1.04.2012;0;0;0;0;9244;-3,5;-1,5;0;0;695726,0376;1140875,07;24;720400,8152;1132230,035;2,88;12,62;698949,5304;1119141,162;703353,8541;1136094,975;680247,2303;1098771,913
4480;93;2012;1;14;2;2.04.2012;0;0;0;0;9244;-3,5;-1,5;0;0;726943,1908;1309355,4;24;707972,253;1307804,709;-2,18;16,84;716912,6324;1312289,6;717353,1559;1322313,414;693786,6262;1278872,692
4481;94;2012;2;14;3;3.04.2012;0;0;0;0;9244;-3,5;-1,5;0;0;805526,861;1324840,47;24;794745,019;1292852,491;6,26;16,82;789754,1335;1310861,602;795344,8612;1321992,23;769216,1432;1278562,061
4482;95;2012;3;14;4;4.04.2012;0;0;0;0;9244;-3,5;-1,5;0;0;855226,0262;1413830,47;24;853010,4947;1374756,574;9,86;18,76;863395,6422;1412702,828;863586,8848;1415648,628;835216,2757;1369141,653
4483;96;2012;4;14;5;5.04.2012;0;0;0;0;9244;-3,5;-1,5;0;0;866290,032;1435495,01;24;846832,5104;1382697,201;8,34;18,32;866881,3068;1416712,398;873007,0808;1432753,447;844326,9988;1385684,543
4484;97;2012;5;14;6;6.04.2012;0;0;0;0;9244;-3,5;-1,5;0;0;904253,5649;1557226,2;24;894458,4273;1436726,762;9,84;16,3;918602,7652;1490934,504;921215,4731;1495966,016;890951,6461;1446820,449
4485;98;2012;6;14;7;7.04.2012;0;0;1;1;9244;-3,5;-1,5;0;0;788211,891;1220184,4;24;797603,958;1174258,593;7,58;14,48;820462,491;1209704,148;824862,981;1220486,763;797764,5319;1180391,257
4486;99;2012;7;14;8;8.04.2012;1;0;1;1;9244;-3,5;-1,5;0;0;686420,383;1057446,44;24;743161,9038;1218662,004;2,52;8,02;747018,423;1185078,971;757045,5377;1196278,464;732175,0315;1156978,25
4487;100;2012;1;15;9;9.04.2012;1;1;0;1;9244;-3,5;-1,5;0;0;704235,3939;1214615,7;24;819924,2966;1476831,092;-2,4;10,14;805495,7406;1463481,874;816380,8963;1483129,948;789561,1012;1434406,073
4488;101;2012;2;15;10;10.04.2012;0;1;0;1;9244;-3,5;-1,5;0;0;719244,8225;1358116,85;24;843434,0074;1387185,907;-1,7;15,36;833300,4229;1362632,186;839292,3687;1372644,033;811719,8845;1327549,848
4489;102;2012;3;15;11;11.04.2012;0;0;0;0;9244;-3,5;-1,5;0;0;909530,685;1504253,1;24;911614,5554;1507050,064;6,38;12,48;918504,931;1498313,255;926057,4739;1503204,457;895634,5772;1453821,092
4490;103;2012;4;15;12;12.04.2012;0;0;0;0;9244;-3,5;-1,5;0;0;887759,6974;1448602,35;24;885122,424;1466701,42;5,24;15,14;897662,5598;1477993,001;896231,3628;1454617,26;866788,3153;1406830,085
4491;104;2012;5;15;13;13.04.2012;0;0;0;0;9244;-3,5;-1,5;0;0;835137,2939;1376107,83;24;829675,9513;1428795,169;4,04;14,36;855493,5875;1379832,121;850120,4854;1373288,856;822192,2753;1328173,487
4492;105;2012;6;15;14;14.04.2012;0;0;0;0;9244;-3,5;-1,5;0;0;802659,1496;1258699,57;24;770696,0712;1193069,187;7,9;12,54;819026,0056;1236088,568;794658,4829;1186207,243;768552,3139;1147237,891
4493;106;2012;7;15;15;15.04.2012;0;0;0;0;9244;-3,5;-1,5;0;0;794662,6545;1303371,84;24;722932,1055;1113693,59;7,82;13,62;818870,085;1272581,996;776436,7743;1181214,266;750929,2259;1142408,943
4494;107;2012;1;16;16;16.04.2012;0;0;0;0;9244;-3,5;-1,5;0;0;780182,9115;1467449,96;24;689715,0765;1189572,074;8,02;13,4;817818,9475;1474720,625;752949,499;1315769,934;728213,5561;1272544,18
4495;108;2012;2;16;17;17.04.2012;0;0;0;0;9244;-3,5;-1,5;0;0;896493,093;1458020,87;24;767733,2375;1449675,291;2,26;13,52;915477,266;1475969,856;831785,0812;1359265,858;804459,2269;1314611,173
4496;109;2012;3;16;18;18.04.2012;0;0;0;0;9244;-3,5;-1,5;0;0;898694,167;1475229,95;24;890777,475;1473237,571;3,92;13,58;919976,732;1474411,799;852037,1812;1351874,102;824046,0036;1307462,251
4497;110;2012;4;16;19;19.04.2012;0;0;0;0;9244;-3,5;-1,5;0;0;916904,4116;1487504,13;24;916092,4537;1494834,34;5,26;15,5;934197,688;1484253,018;873598,6646;1442134,072;844899,1479;1394756,995
4498;111;2012;5;16;20;20.04.2012;0;0;0;0;9244;-3,5;-1,5;0;0;843800,346;1372101,53;24;844520,859;1391569,713;6,32;15,18;861599,484;1387480,059;822508,743;1335336,546;795487,6355;1291467,988
4499;112;2012;6;16;21;21.04.2012;0;0;0;0;9244;-3,5;-1,5;0;0;836068,9244;1269101,47;24;839143,6564;1315913,186;5,54;15,98;797388,518;1191516,389;796808,1513;1201927,759;770631,3613;1162441,955
4500;113;2012;7;16;22;22.04.2012;0;0;0;0;9244;-3,5;-1,5;0;0;705542,8476;1147659,6;24;690313,013;1132222,001;5,38;14,9;628657,2136;888619,51;651516,3375;963729,9005;630112,683;0
4501;114;2012;1;17;23;23.04.2012;0;0;0;0;9244;-3,5;-1,5;0;0;739815,7404;1321033,11;24;714483,2979;1343875,228;3,66;12,74;597224,7501;951763,6875;646836,7292;1112804,704;625586,8095;1076246,776
4502;115;2012;2;17;24;24.04.2012;0;0;0;0;9244;-3,5;-1,5;0;0;872765,0477;1435958,95;24;858746,0154;1396630,517;5,3;13,22;661330,5244;1099023,944;748119,9332;1278895,503;723542,6514;1236881,15
4503;116;2012;3;17;25;25.04.2012;0;0;0;0;9244;-3,5;-1,5;0;0;936137,9115;1488427,78;24;936533,9214;1537344,894;4,18;17,78;767581,5213;1160686,742;879882,8676;1400690,594;850976,9019;1354675,021
4504;117;2012;4;17;26;26.04.2012;0;0;1;1;9244;-3,5;-1,5;0;0;801464,96;1262785,05;24;812925,5608;1318818,093;7,48;19,78;674068,8342;1167637,256;769216,0637;1263525,737;743945,7305;1222016,312
4505;118;2012;5;17;27;27.04.2012;1;0;0;1;9244;-3,5;-1,5;0;0;769442,058;1028385,16;24;843800,346;1372101,534;7,72;25,4;740820,87;1223193,726;816468,33;1321953,93;789645,6625;1278525,019
4506;119;2012;6;17;28;28.04.2012;0;1;0;1;9244;-3,5;-1,5;0;0;714807,3312;1065237,01;24;872419,7472;1324279,795;7,64;27,6;768815,4528;1170774,758;827049,808;1226855,094;799879,5172;1186550,376
4507;120;2012;7;17;29;29.04.2012;0;0;0;0;9244;-3,5;-1,5;0;0;642391,137;971156,62;24;738358,794;1201039,119;9,34;26,02;643133,835;938820,267;672104,568;989280,84;650024,5477;0
4508;121;2012;1;18;30;30.04.2012;0;0;1;1;9244;-3,5;-1,5;0;0;675101,1264;1046342,43;24;816348,4032;1457691,706;10,18;25,38;655818,432;1143301,296;703822,5536;1205571,734;680700,5321;1165966,218
4509;122;2012;2;18;1;1.05.2012;1;0;1;1;9244;-3,5;-1,5;0;0;626321,8136;879840,94;24;882355,8724;1451738,72;9,9;26,3;713857,7436;1338386,486;749082,9091;1281352,046;724473,9916;1239256,991
4510;123;2012;3;18;2;2.05.2012;1;1;0;1;9244;-3,5;-1,5;0;0;581358,5976;958102,79;24;832122,588;1323046,912;11,06;25;811870,6552;1337682,438;772835,0931;1233458,82;747445,8674;1192937,155
4511;124;2012;4;18;3;3.05.2012;0;1;0;1;9244;-3,5;-1,5;0;0;642919,4288;1173549,44;24;820103,68;1292152,145;8,88;23,58;824050,0224;1337399,738;780086,2843;1291006,96;754458,842;1248594,72
4512;125;2012;5;18;4;4.05.2012;0;0;0;0;9244;-3,5;-1,5;0;0;803627,0088;1323890,3;24;837836,9076;1119797,176;9,86;21,1;922272,1592;1475649,161;880834,7473;1433353,178;851897,5104;1386264,571
4513;126;2012;6;18;5;5.05.2012;0;0;0;0;9244;-3,5;-1,5;0;0;788699,3352;1196810,99;24;729699,1506;1087429,452;8,72;20,38;898615,4786;1292853,848;854523,5113;1262583,137;826450,6527;1221104,679
4514;127;2012;7;18;6;6.05.2012;0;0;0;0;9244;-3,5;-1,5;0;0;678786,1016;1123793,23;24;656666,4956;992737,8772;10,86;18,54;731177,958;1123495,416;705518,6765;1091074,65;682340,9339;1055230,599
4515;128;2012;1;19;7;7.05.2012;0;0;0;0;9244;-3,5;-1,5;0;0;784104,4926;1485553,27;24;696198,0366;1079040,63;10,26;17,42;821537,6895;1467666,654;771040,7958;1373043,603;745710,5165;1327936,29
4516;129;2012;2;19;8;8.05.2012;0;0;0;0;9244;-3,5;-1,5;0;0;778709,9232;1291467,32;24;599090,4304;1323046,912;7,68;22,08;827193,3912;1333935,108;775882,3248;1323290,162;750392,9913;1279817,352
4517;130;2012;3;19;9;9.05.2012;0;0;0;0;9244;-3,5;-1,5;0;0;791153,132;1297298,75;24;581358,5976;958102,7896;8,78;24,02;824339,9384;1330972,474;820247,4163;1333275,129;793300,598;1289474,293
4518;131;2012;4;19;10;10.05.2012;0;0;0;0;9244;-3,5;-1,5;0;0;789181,1325;1306751,14;24;635613,5262;1160213,652;9,88;25,98;817072,3407;1325592,83;813598,2857;1321744,116;786869,9051;1278322,097
4519;132;2012;5;19;11;11.05.2012;0;0;0;0;9244;-3,5;-1,5;0;0;908273,5398;1487484,32;24;811827,2844;1337399,385;10,56;27,36;922882,5144;1507717,787;923559,3279;1499830,009;893218,5004;1450557,502
4520;133;2012;6;19;12;12.05.2012;0;0;0;0;9244;-3,5;-1,5;0;0;780440,5283;1173664,78;24;716267,7636;1086899,773;12;28,68;799295,027;1180366,736;803403,0119;1175747,26;777009,567;1137121,539
4521;134;2012;7;19;13;13.05.2012;0;0;0;0;9244;-3,5;-1,5;0;0;729375,6765;1194850,79;24;700920,431;1160438,661;7,12;15,5;751689,951;1228851,429;742923,465;1183462,418;718516,8979;1144583,238
4522;135;2012;1;20;14;14.05.2012;0;0;0;0;9244;-3,5;-1,5;0;0;744894,2415;1374113,92;24;736583,0082;1395519,74;7;14,5;765861,5193;1383196,226;769192,4352;1392295,101;743922,8783;1346555,337
4523;136;2012;2;20;15;15.05.2012;0;0;0;0;9244;-3,5;-1,5;0;0;792415,8352;1298433,6;24;778709,9232;1291467,32;5,78;18,78;817633,1328;1355739,607;825507,3464;1355512,62;798387,7286;1310981,237
4524;137;2012;3;20;16;16.05.2012;0;0;0;0;9244;-3,5;-1,5;0;0;868977,9462;1545054,65;24;881056,897;1444719,058;5,94;12,22;918228,4342;1482439,846;920769,3945;1499023,641;890520,2221;1449777,625
4525;138;2012;4;20;17;17.05.2012;0;0;0;0;9244;-3,5;-1,5;0;0;814148,632;1315381,51;24;798252,18;1321771,273;4,52;16,66;818335,9712;1332580,462;830137,4165;1351263,385;802865,6914;1306871,597
4526;139;2012;5;20;18;18.05.2012;0;0;0;0;9244;-3,5;-1,5;0;0;838575,7198;1349580,87;24;834877,6982;1367283,563;2,46;17,94;842083,0873;1379767,216;853974,9673;1396438,61;825920,1295;1350562,724
4527;140;2012;6;20;19;19.05.2012;0;0;0;0;9244;-3,5;-1,5;0;0;843259,9164;1226422,31;24;850592,4859;1279162,736;4,1;21,56;866269,3349;1278168,641;868259,0765;1293846,088;839734,9763;1251340,578
4528;141;2012;7;20;20;20.05.2012;0;0;0;0;9244;-3,5;-1,5;0;0;648944,7624;1036546,62;24;667954,5669;1094231,773;6,58;23,66;661254,6969;1063602,188;673867,7278;1082718,219;651729,784;1047148,694
4529;142;2012;1;21;21;21.05.2012;0;0;0;0;9244;-3,5;-1,5;0;0;686528,5142;1322547,96;24;688826,933;1270685,991;11,98;17,42;712013,6596;1308468,655;709454,7783;1296821,03;686147,7266;1254217,786
4530;143;2012;2;21;22;22.05.2012;0;0;0;0;9244;-3,5;-1,5;0;0;758205,933;1324407,28;24;765401,659;1254168,821;10,12;15,36;803342,259;1329924,629;796544,1035;1322289,09;770375,9879;1278849,168
4531;144;2012;3;21;23;23.05.2012;0;0;0;0;9244;-3,5;-1,5;0;0;855077,2377;1395649,76;24;824642,3367;1466225,333;12,52;23,4;878816,613;1454227,459;877219,1737;1438630,733;848400,7158;1391368,748
4532;145;2012;4;21;24;24.05.2012;0;0;0;0;9244;-3,5;-1,5;0;0;810890,1517;1346047,58;24;823400,321;1330329,031;13,36;25,34;855221,5323;1396066,3;845815,0511;1383172,244;818028,2834;1337732,185
4533;146;2012;5;21;25;25.05.2012;0;0;0;0;9244;-3,5;-1,5;0;0;882060,7021;1433480,17;24;893866,4266;1438564,223;11,04;23,2;928999,555;1517534,736;919578,9894;1501509,382;889368,9242;1452181,704
4534;147;2012;6;21;26;26.05.2012;0;0;0;0;9244;-3,5;-1,5;0;0;809561,576;1223253,69;24;825873,114;1201135,255;8,74;20,72;849482,286;1289749,878;852039,819;1278375,081;824048,5548;1236377,825
4535;148;2012;7;21;27;27.05.2012;0;0;0;0;9244;-3,5;-1,5;0;0;615527,789;1012928,25;24;634026,492;1012717,965;7,72;22,44;656511,4145;1034834,226;657912,7415;1050235,503;636298,9519;1015733,102
4536;149;2012;1;22;28;28.05.2012;0;0;0;0;9244;-3,5;-1,5;0;0;675570,1825;1252993,35;24;678545,6245;1307169,5;9,48;22,72;699900,523;1287759,639;702367,1748;1299653,783;679292,9655;1256957,477
4537;150;2012;2;22;29;29.05.2012;0;0;0;0;9244;-3,5;-1,5;0;0;801226,998;1330379,61;24;802806,282;1402313,589;10,78;23,56;843385,527;1405505,043;846702,06;1410256,293;818886,1522;1363926,467
4538;151;2012;3;22;30;30.05.2012;0;0;0;0;9244;-3,5;-1,5;0;0;793352,0936;1322709,34;24;809105,3432;1320614,83;10,28;25,84;834070,4944;1376641,323;834598,7907;1379252,797;807180,5002;1333941,499
4539;152;2012;4;22;31;31.05.2012;0;0;0;0;9244;-3,5;-1,5;0;0;889562,0225;1471690,22;24;883779,1541;1467040,62;13,14;23,76;931405,3102;1532084,494;930541,231;1520271,429;899971,0336;1470327,379
4540;153;2012;5;22;1;1.06.2012;0;0;0;0;9244;-3,5;-1,5;0;0;810727,896;1329438,61;24;800220,0184;1300476,857;14,54;24,44;845645,856;1375569,307;837832,3976;1364620,327;810307,8765;1319789,736
4541;154;2012;6;22;2;2.06.2012;0;0;0;0;9244;-3,5;-1,5;0;0;813037,6404;1234675,6;24;801039,8752;1210377,332;15,06;21,16;849195,0694;1279944,288;840216,6876;1268187,815;812613,8376;1226525,231
4542;155;2012;7;22;3;3.06.2012;0;0;0;0;9244;-3,5;-1,5;0;0;672198,921;1098384,58;24;651735,306;1072512,261;14,84;24,94;710654,157;1140057,234;698793,408;1117585,104;675836,6043;1080870,13
4543;156;2012;1;23;4;4.06.2012;0;0;0;0;9244;-3,5;-1,5;0;0;785207,9093;1429685,78;24;770944,7965;1429886,525;13,9;22,6;802779,4981;1504011,025;798737,0522;1490374,859;772496,8938;1441412,973
4544;157;2012;2;23;5;5.06.2012;0;0;0;0;9244;-3,5;-1,5;0;0;850573,95;1404164,14;24;845739,609;1404289,592;12,06;21,82;893129,7985;1495836,589;895089,43;1483880,753;865683,8974;1435132,212
4545;158;2012;3;23;6;6.06.2012;0;0;0;0;9244;-3,5;-1,5;0;0;880767,3266;1447291,12;24;883505,7406;1473017,224;9,04;22,88;933402,6366;1542468,638;928653,9519;1538677,508;898145,7555;1488128,781
4546;159;2012;4;23;7;7.06.2012;0;0;0;0;9244;-3,5;-1,5;0;0;819205,407;1356138,67;24;825366,825;1365485,769;11,54;24,94;861145,056;1398409,227;863509,446;1416942,612;835141,3809;1370393,127
4547;160;2012;5;23;8;8.06.2012;0;0;0;0;9244;-3,5;-1,5;0;0;801842,9056;1320212,41;24;810727,896;1329438,607;15,78;27,38;825047,6168;1341559,129;840411,3637;1366492,535;812802,1183;1321600,439
4548;161;2012;6;23;9;9.06.2012;0;0;0;0;9244;-3,5;-1,5;0;0;791329,076;1208613,11;24;795738,9672;1208405,906;14,96;22,14;813235,5916;1221882,921;828263,4267;1235592,685;801053,266;1195000,918
4549;162;2012;7;23;10;10.06.2012;0;0;0;0;9244;-3,5;-1,5;0;0;717060,551;1181256,83;24;709543,3055;1159405,945;15;22,84;728962,797;1179046,321;740106,886;1196050,605;715792,8494;1156757,877
4550;163;2012;1;24;11;11.06.2012;0;0;0;0;9244;-3,5;-1,5;0;0;718943,976;1350757,15;24;728543,421;1326512,583;14,52;21,04;737370,603;1389481,749;743724,153;1381107,264;719291,2817;1335735,044
4551;164;2012;2;24;12;12.06.2012;0;0;0;0;9244;-3,5;-1,5;0;0;900611,6229;1526872,66;24;886387,59;1463286,845;12,24;18,86;939872,8746;1534205,099;932972,7924;1548442,847;902322,7132;1497573,307
4552;165;2012;3;24;13;13.06.2012;0;0;0;0;9244;-3,5;-1,5;0;0;803364,876;1337699,39;24;808867,953;1329144,903;10,86;21,18;848303,253;1414732,086;855133,896;1429248,057;827040,985;1382294,313
4553;166;2012;4;24;14;14.06.2012;0;0;0;0;9244;-3,5;-1,5;0;0;884524,8622;1468543,4;24;892023,6654;1476684,325;10,34;23,42;942098,8136;1558087,751;948155,7657;1559286,461;917006,8945;1508060,687
4554;167;2012;5;24;15;15.06.2012;0;0;0;0;9244;-3,5;-1,5;0;0;853341,1955;1383983,58;24;865625,864;1425229,302;10,12;26,64;918197,2585;1492308,764;910420,4983;1480110,757;880511,3085;1431486,068
4555;168;2012;6;24;16;16.06.2012;0;0;0;0;9244;-3,5;-1,5;0;0;744196,106;1125523,92;24;765524,867;1169201,811;11,6;29,12;813022,3514;1192003,798;780210,1073;1141096,05;754578,5972;1103608,693
4556;169;2012;7;24;17;17.06.2012;0;0;0;0;9244;-3,5;-1,5;0;0;658584,0448;1061192,88;24;664224,5104;1094216,851;12,4;30,34;686606,492;1116869,829;674271,4352;1082139,667;652120,2288;1046589,148
4557;170;2012;1;25;18;18.06.2012;0;0;0;0;9244;-3,5;-1,5;0;0;759701,4106;1463096,74;24;750897,0416;1410790,803;14,7;30,92;782241,7834;1418737,714;771125,3841;1432417,154;745792,3259;1385359,299
4558;171;2012;2;25;19;19.06.2012;0;0;0;0;9244;-3,5;-1,5;0;0;874377,7446;1521941,82;24;855126,1874;1449757,883;16,02;31,24;881425,8834;1473905,054;891197,6064;1471284,086;861919,9282;1422949,372
4559;172;2012;3;25;20;20.06.2012;0;0;0;0;9244;-3,5;-1,5;0;0;888080,8359;1532950,28;24;830143,7052;1382289,365;16,86;32,5;888554,9964;1505007,896;887685,0806;1481584,091;858522,7961;1432911
4560;173;2012;4;25;21;21.06.2012;0;0;0;0;9244;-3,5;-1,5;0;0;883330,002;1488220,38;24;812318,751;1348662,303;18,4;32,48;885928,041;1466687,169;876535,41;1445258,994;847739,4152;1397779,257
4561;174;2012;5;25;22;22.06.2012;0;0;0;0;9244;-3,5;-1,5;0;0;935405,5872;1507062,24;24;862323,7344;1398551,827;17,7;28,24;932097,1776;1515536,285;927637,6384;1494533,101;897162,83;1445434,608
4562;175;2012;6;25;23;23.06.2012;0;0;0;0;9244;-3,5;-1,5;0;0;802374,2363;1169224,05;24;760919,614;1150816,594;15,52;26,72;757540,1652;1072823,989;793993,6853;1150034,58;767909,3563;1112253,573
4563;176;2012;7;25;24;24.06.2012;0;0;1;1;9244;-3,5;-1,5;0;0;676078,6922;1052547,15;24;666067,9544;1073251,89;14,48;28,54;668468,9519;1049168,357;677110,0717;1079020,036;654865,6102;1043572,004
4564;177;2012;1;26;25;25.06.2012;1;0;0;1;9244;-3,5;-1,5;0;0;641884,3085;964420,72;24;686964,0415;1323013,007;16,1;26,4;688130,828;1290623,051;698915,7187;1286898,753;675954,8968;1244621,477
4565;178;2012;2;26;26;26.06.2012;0;1;0;1;9244;-3,5;-1,5;0;0;760811,889;1423620,27;24;883679,6355;1538132,688;13,54;25,62;909334,3285;1499006,226;892978,4382;1487663,39;863642,256;1438790,582
4566;179;2012;3;26;27;27.06.2012;0;0;0;0;9244;-3,5;-1,5;0;0;886199,4372;1491226,57;24;935827,1174;1615366,957;12,96;26,98;946195,4978;1557309,102;932245,1521;1556461,121;901618,9774;1505328,165
4567;180;2012;4;26;28;28.06.2012;0;0;0;0;9244;-3,5;-1,5;0;0;851633,601;1417507,11;24;893144,7798;1504756,162;14,04;30,22;888246,3499;1454172,82;879169,8552;1464309,119;850287,3134;1416203,546
4568;181;2012;5;26;29;29.06.2012;0;0;0;0;9244;-3,5;-1,5;0;0;856474,0184;1417558,05;24;886686,5462;1428569,415;16,12;32,12;874882,7633;1384001,692;878424,8473;1424777,827;849566,7805;1377970,939
4569;182;2012;6;26;30;30.06.2012;0;0;0;0;9244;-3,5;-1,5;0;0;888096,1586;1314283,29;24;864095,3314;1259164,358;17,92;33,24;854159,7876;1247603,916;853968,1355;1242217,231;832270,0522;1210654,305
4570;183;2012;7;26;1;1.07.2012;0;0;0;0;9208;-3,1;-0,5;0;0;786409,8557;1227817,59;24;736849,8106;1147158,133;17,82;34,18;728538,0358;1153461,028;743591,8118;1164437,531;721875,9518;1130431,29
4571;184;2012;1;27;2;2.07.2012;0;0;0;0;9208;-3,1;-0,5;0;0;871744,7312;1600373,17;24;740054,8498;1111920,358;18,66;33,06;808523,0986;1484033,698;816455,7511;1528159,756;792611,9721;1483531,369
4572;185;2012;2;27;3;3.07.2012;0;0;0;0;9208;-3,1;-0,5;0;0;983737,237;1631855,25;24;776828,9814;1453591,221;19,16;32,84;897299,2469;1505439,03;921656,1635;1539912,571;894740,1111;1494940,955
4573;186;2012;3;27;4;4.07.2012;0;0;0;0;9208;-3,1;-0,5;0;0;925955,6568;1521815,99;24;831942,3288;1399926,988;17,98;31,56;858240,952;1432714,086;884024,8321;1479481,897;858207,7653;1436275,098
4574;187;2012;4;27;5;5.07.2012;0;0;0;0;9208;-3,1;-0,5;0;0;897162,4263;1496875,65;24;832916,379;1386353,107;18,18;32,1;834733,4742;1423775,88;865017,5487;1448198,403;839755,5707;1405905,208
4575;188;2012;5;27;6;6.07.2012;0;0;0;0;9208;-3,1;-0,5;0;0;937737,897;1559494,93;24;912944,8328;1511023,417;15,94;29,72;934655,043;1549579,996;944106,6292;1514122,538;916534,9333;1469904,094
4576;189;2012;6;27;7;7.07.2012;0;0;0;0;9208;-3,1;-0,5;0;0;849231,8234;1265031,68;24;851847,3358;1260639,076;15,06;30,72;855526,7402;1269670,342;841185,5613;1224234,01;816619,5728;1188481,472
4577;190;2012;7;27;8;8.07.2012;0;0;0;0;9208;-3,1;-0,5;0;0;780478,8849;1200897,56;24;802624,4919;1253133,417;15,74;31,42;789633,5436;1221043,487;771569,5053;1192506,345;749036,5846;1157680,382
4578;191;2012;1;28;9;9.07.2012;0;0;0;0;9208;-3,1;-0,5;0;0;752805,416;1399093,63;24;782791,1872;1437069,788;15,74;31,16;760993,2792;1447899,121;746860,3971;1376220,358;725049,0813;1336029,21
4579;192;2012;2;28;10;10.07.2012;0;0;0;0;9208;-3,1;-0,5;0;0;859043,8912;1407341,98;24;892462,648;1480446;17,32;29,88;852049,5984;1436790,001;828162,8755;1383485,843;803977,2016;1343082,514
4580;193;2012;3;28;11;11.07.2012;0;0;0;0;9208;-3,1;-0,5;0;0;938189,2283;1539484,89;24;976279,3338;1604523,385;16,68;30,22;954784,0562;1627668,391;923268,9534;1533706,291;896305,8011;1488915,923
4581;194;2012;4;28;12;12.07.2012;0;0;0;0;9208;-3,1;-0,5;0;0;856840,3711;1374206,33;24;897162,4263;1496875,648;15,38;24,44;891594,7198;1498606,35;851540,9403;1422391,607;826672,5333;1380852,073
4582;195;2012;5;28;13;13.07.2012;0;0;0;0;9208;-3,1;-0,5;0;0;931218,932;1466619,54;24;947405,298;1575572,195;16,06;22,52;975046,9624;1533177,738;937574,2549;1512848,311;910193,3304;1468667,08
4583;196;2012;6;28;14;14.07.2012;0;0;0;0;9208;-3,1;-0,5;0;0;785584,36;1143510,21;24;795025,5368;1184284,974;14,52;28,24;794559,3216;1129349,294;776847,4707;1138179,346;754160,4122;1104939,949
4584;197;2012;7;28;15;15.07.2012;0;0;0;0;9208;-3,1;-0,5;0;0;763490,5938;1196511,64;24;780478,8849;1200897,562;15,36;22,48;781515,5337;1179231,818;772893,5082;1191458,12;750321,9213;1156662,769
4585;198;2012;1;29;16;16.07.2012;0;0;0;0;9208;-3,1;-0,5;0;0;759835,0598;1360553,54;24;804133,058;1494486,373;14,3;23,86;804946,7502;1440080,282;780548,3609;1421256,983;757753,2216;1379750,585
4586;199;2012;2;29;17;17.07.2012;0;0;0;0;9208;-3,1;-0,5;0;0;887963,2902;1438979,72;24;956662,5152;1567267,205;10,3;25,88;911393,7084;1501079,818;897272,0423;1485013,548;871068,1039;1441645,203
4587;200;2012;3;29;18;18.07.2012;0;0;0;0;9208;-3,1;-0,5;0;0;900789,6744;1463443,4;24;957533,3361;1571226,842;13,12;28,1;928904,0607;1493033,801;912410,268;1505349,513;885764,2328;1461387,276
4588;201;2012;4;29;19;19.07.2012;0;0;0;0;9208;-3,1;-0,5;0;0;913212,8874;1504750,05;24;953114,5701;1528611,539;13,88;31;921361,4388;1495892,881;917429,2677;1522903,487;890636,6576;1478428,603
4589;202;2012;5;29;20;20.07.2012;0;0;0;0;9208;-3,1;-0,5;0;0;875611,5515;1413852,99;24;902712,23;1421723,023;16,54;28,9;866036,6155;1395736,267;864650,7207;1387962,99;839399,4556;1347428,91
4590;203;2012;6;29;21;21.07.2012;0;0;0;0;9208;-3,1;-0,5;0;0;838794,838;1204315,84;24;874855,31;1273454,552;14,86;23,38;818594,49;1221170,415;819824,3541;1202528,757;795882,1984;1167410,099
4591;204;2012;7;29;22;22.07.2012;0;0;0;0;9208;-3,1;-0,5;0;0;718228,8952;1110912,62;24;748066,5414;1172339,691;14,06;20,32;732429,8019;1150379,881;726540,6474;1124786,803;705322,7497;1091938,522
4592;205;2012;1;30;23;23.07.2012;0;0;0;0;9208;-3,1;-0,5;0;0;713497,7974;1259189,48;24;759835,0598;1360553,537;13,58;23,84;723819,1478;1277071,15;736138,6155;1305331,316;714640,4187;1267210,412
4593;206;2012;2;30;24;24.07.2012;0;0;0;0;9208;-3,1;-0,5;0;0;819518,3904;1354122,78;24;869841,5904;1409612,784;15,34;27,16;814578,6144;1326268,637;818720,7936;1348488,451;794810,8664;1309107,186
4594;207;2012;3;30;25;25.07.2012;0;0;0;0;9208;-3,1;-0,5;0;0;805371,3576;1322260,54;24;855295,2464;1389532,12;16,86;24,72;791742,4574;1293009,095;807078,9271;1323204,599;783508,989;1284561,723
4595;208;2012;4;30;26;26.07.2012;0;0;0;0;9208;-3,1;-0,5;0;0;817262,832;1360442,83;24;885539,7696;1459151,568;15,9;28,1;813723,6;1363227,629;829763,1712;1370580,941;805530,7623;1330554,486
4596;209;2012;5;30;27;27.07.2012;0;0;0;0;9208;-3,1;-0,5;0;0;833587,0376;1362622,62;24;894045,4789;1443618,311;15,92;31,12;799195,2123;1308896,534;822142,4829;1340652,226;798132,6286;1301499,81
4597;210;2012;6;30;28;28.07.2012;0;0;0;0;9208;-3,1;-0,5;0;0;725025,6552;1079571,16;24;753203,528;1081426,465;16,74;32,46;678882,6616;1013554,74;703591,812;1048791,791;683044,1123;1018162,869
4598;211;2012;7;30;29;29.07.2012;0;0;0;0;9208;-3,1;-0,5;0;0;654936,4959;997688,6;24;644184,6792;996385,5438;17,26;30,64;611210,6961;958409,5566;635821,0618;996965,6018;617252,5395;967850,2121
4599;212;2012;1;31;30;30.07.2012;0;0;0;0;9208;-3,1;-0,5;0;0;695933,9478;1239127,99;24;690726,5911;1219002,585;16,58;27,76;657958,9926;1160581,586;685622,4951;1232560,356;665599,5714;1196564,656
4600;213;2012;2;31;31;31.07.2012;0;0;0;0;9208;-3,1;-0,5;0;0;827452,3554;1346872,89;24;845128,3401;1396439,114;17,48;28,98;772189,6149;1287774,655;814596,6378;1343872,448;790807,1524;1304625,988
4601;214;2012;3;31;1;1.08.2012;0;0;0;0;9208;-3,1;-0,5;0;0;813533,5098;1342363,49;24;831074,6988;1364460,346;14,18;29,96;771361,1399;1299156,754;797258,7334;1325958,275;773975,5843;1287234,981
4602;215;2012;4;31;2;2.08.2012;0;0;0;0;9208;-3,1;-0,5;0;0;705790,2352;1197411,96;24;732131,287;1218730,037;14,64;30,9;700653,2144;1162749,025;715245,101;1189044,695;694357,0785;1154319,826
4603;216;2012;5;31;3;3.08.2012;0;0;0;0;9208;-3,1;-0,5;0;0;730474,2111;1223741,34;24;747650,2296;1222146,063;16,38;31,46;702245,4081;1155162,641;715751,1518;1180747,084;694848,3506;1146264,539
4604;217;2012;6;31;4;4.08.2012;0;0;0;0;9208;-3,1;-0,5;0;0;691165,8836;1026625,67;24;708547,7994;1055035,453;17,22;31,4;680991,3268;1012708,093;681926,8377;1010733,969;662011,842;981216,4875
4605;218;2012;7;31;5;5.08.2012;0;0;0;0;9208;-3,1;-0,5;0;0;696261,9762;1084410,73;24;707632,5358;1077962,399;15,92;33,38;690771,3328;1081219,584;680276,9127;1049981,291;660410,1015;0
4606;219;2012;1;32;6;6.08.2012;0;0;0;0;9208;-3,1;-0,5;0;0;728594,0824;1396001,65;24;741819,7026;1320828,737;17,2;33,04;744224,4587;1386552,028;709854,7009;1235001,368;689124,0997;1198934,38
4607;220;2012;2;32;7;7.08.2012;0;0;0;0;9208;-3,1;-0,5;0;0;760273,65;1271705,5;24;752229,414;1224429,903;19,02;28,04;755969,184;1251025,596;718273,098;1253157,444;697296,6459;1216560,226
4608;221;2012;3;32;8;8.08.2012;0;0;0;0;9208;-3,1;-0,5;0;0;709142,67;1201815,75;24;721277,1324;1190136,705;15,7;28,16;712296,5308;1191980,15;727119,1955;1225895,571;705884,4019;1190094,509
4609;222;2012;4;32;9;9.08.2012;0;0;0;0;9208;-3,1;-0,5;0;0;751778,334;1264553,6;24;738617,688;1253105,541;16;27,72;749429,334;1238191,02;777312,843;1295145,144;754612,1938;1257321,717
4610;223;2012;5;32;10;10.08.2012;0;0;0;0;9208;-3,1;-0,5;0;0;789013,7952;1297923,43;24;806040,5088;1350335,27;13,12;26,64;803535,552;1338615,024;836677,9072;1390956,554;812243,5603;1350335,05
4611;224;2012;6;32;11;11.08.2012;0;0;0;0;9208;-3,1;-0,5;0;0;714005,6862;1045846,09;24;715276,3214;1062438,194;12,38;24,38;725800,874;1064868,864;754531,0945;1112837,301;732495,7637;1080337,994
4612;225;2012;7;32;12;12.08.2012;0;0;0;0;9208;-3,1;-0,5;0;0;677188,2055;1046596,69;24;703669,0185;1095947,018;9,8;23,76;697007,761;1044192,823;734044,4357;1116738,297;712607,3973;1084125,065
4613;226;2012;1;33;13;13.08.2012;0;0;0;0;9208;-3,1;-0,5;0;0;716497,775;1298556,56;24;728594,0824;1396001,651;11,7;26,42;683998,7398;1081348,628;761590,3105;1362108,969;739348,8223;1322329,93
4614;227;2012;2;33;14;14.08.2012;0;0;1;1;9208;-3,1;-0,5;0;0;738966,7241;1224806,28;24;751826,165;1257575,438;12,9;27,38;689116,6671;1322878,698;774117,6924;1363744,956;751510,3544;1323918,14
4615;228;2012;3;33;15;15.08.2012;1;0;0;1;9208;-3,1;-0,5;0;0;708652,4163;993338,07;24;733880,205;1243739,551;12,98;30,2;812563,6454;1380407,453;814119,8193;1381124,366;790344,2589;1340790,001
4616;229;2012;4;33;16;16.08.2012;0;1;0;1;9208;-3,1;-0,5;0;0;689877,7776;1291307,76;24;735072,1488;1236452,413;15,6;30,24;830394,8488;1398627,058;819127,6045;1365918,286;795205,7968;1326027,999
4617;230;2012;5;33;17;17.08.2012;0;0;0;0;9208;-3,1;-0,5;0;0;752820,393;1240130,21;24;706824,8582;1162723,07;16,2;29,56;834564,3218;1397134,87;806337,4677;1343588,042;782789,1832;1304349,888
4618;231;2012;6;33;18;18.08.2012;0;0;0;0;9208;-3,1;-0,5;0;0;774923,8406;1152121,65;24;730050,7578;1069348,253;14,98;30,24;851765,6966;1253149,671;819171,993;1199178,132;795248,889;1164157,326
4619;232;2012;7;33;19;19.08.2012;0;0;0;0;9208;-3,1;-0,5;0;0;708239,8323;1080214,85;24;648675,0179;1002529,464;14,98;31,4;773026,3996;1162213,826;723532,1245;1084013,476;702402,0877;1052355,94
4620;233;2012;1;34;20;20.08.2012;0;0;0;0;9208;-3,1;-0,5;0;0;745503,304;1413695,28;24;672178,325;1218233,471;14,34;33,52;803565,399;1518317,41;732627,7898;1309168,546;711232,1232;1270935,579
4621;234;2012;2;34;21;21.08.2012;0;0;0;0;9208;-3,1;-0,5;0;0;831354,7761;1426621,9;24;738966,7241;1224806,279;14,38;34,06;885666,8837;1531230,858;804912,4875;1417041,324;781405,8181;1375658,041
4622;235;2012;3;34;22;22.08.2012;0;0;0;0;9208;-3,1;-0,5;0;0;892796,0482;1536963,9;24;748464,3498;1049143,579;16,62;35,14;942800,7018;1615326,409;903322,8669;1520121,849;876942,2202;1475728,201
4623;236;2012;4;34;23;23.08.2012;0;0;0;0;9208;-3,1;-0,5;0;0;928544,408;1506294,15;24;736914,8988;1379351,469;18,52;31,76;955181,658;1589937,507;919776,5016;1529910,185;892915,3428;1485230,678
4624;237;2012;5;34;24;24.08.2012;0;0;0;0;9208;-3,1;-0,5;0;0;913561,781;1542675,28;24;831603,9225;1369911,277;16,56;34,56;955097,0255;1584570,503;930815,4752;1540960,563;903631,9341;1495958,34
4625;238;2012;6;34;25;25.08.2012;0;0;0;0;9208;-3,1;-0,5;0;0;792014,3426;1160573,18;24;732345,6076;1088818,265;16,94;33,08;816186,569;1186597,969;802235,2133;1172882,05;778806,731;1138629,195
4626;239;2012;7;34;26;26.08.2012;0;0;0;0;9208;-3,1;-0,5;0;0;736270,4622;1101542,87;24;708239,8323;1080214,854;12,74;24,04;729909,908;1089599,793;748676,3072;1131777,344;726811,9596;1098724,911
4627;240;2012;1;35;27;27.08.2012;0;0;0;0;9208;-3,1;-0,5;0;0;739131,3477;1353909,91;24;761887,992;1444765,509;9,38;24,86;769169,7153;1425380,487;793940,0576;1477173,631;770753,8271;1434034,243
4628;241;2012;2;35;28;28.08.2012;0;0;0;0;9208;-3,1;-0,5;0;0;798124,6;1351822,71;24;850036,9059;1458680,815;9,66;27,28;858829,2804;1428407,999;876158,7623;1463714,931;850571,4162;1420968,591
4629;242;2012;3;35;29;29.08.2012;0;0;0;0;9208;-3,1;-0,5;0;0;884298,9078;1502495,96;24;940285,1997;1618717,3;13,02;27,92;957303,2601;1566180,743;956344,9566;1595555,491;928415,8524;1548958,879
4630;243;2012;4;35;30;30.08.2012;0;0;0;0;9208;-3,1;-0,5;0;0;816698,961;1393819,41;24;889031,88;1442196,531;12,82;29,34;878108,139;1441728,243;883735,167;1451944,827;857926,5596;1409542,221
4631;244;2012;5;35;31;31.08.2012;0;0;0;0;9208;-3,1;-0,5;0;0;825647,049;1384796,14;24;865479,582;1461481,848;15,02;21,66;867265,533;1416282,183;876724,677;1436707,563;851120,804;1394749,946
4632;245;2012;6;35;1;1.09.2012;0;0;0;0;9208;-3,1;-0,5;0;0;802304,279;1229735,96;24;874899,5645;1282028,515;13,36;17,14;867762,794;1267866,561;879458,8108;1274371,468;853775,0902;1237154,715
4633;246;2012;7;35;2;2.09.2012;0;0;0;0;9208;-3,1;-0,5;0;0;665290,7708;1088138,51;24;720088,6938;1077333,136;14,52;23,3;726760,9081;1118386,14;717356,0882;1099438,405;696406,4165;1067330,398
4634;247;2012;1;36;3;3.09.2012;0;0;0;0;9208;-3,1;-0,5;0;0;777384,5472;1426145,3;24;762974,2944;1397584,426;15,14;25,5;816954,096;1501371,235;802808,2976;1490886,384;779363,079;1447346,529
4635;248;2012;2;36;4;4.09.2012;0;0;0;0;9208;-3,1;-0,5;0;0;919409,7528;1510255,24;24;868289,4;1470664,265;17,14;26,52;940040,3529;1519917,904;931685,1423;1549653,366;904476,2035;1504397,279
4636;249;2012;3;36;5;5.09.2012;0;0;0;0;9208;-3,1;-0,5;0;0;838146,078;1386714,32;24;803908,098;1365905,421;15,34;25,18;835256,304;1381125,186;853531,725;1415284,524;828605,1791;1373952,546
4637;250;2012;4;36;6;6.09.2012;0;0;0;0;9208;-3,1;-0,5;0;0;865536,0177;1417673,63;24;843922,2597;1440280,054;15,5;24,58;887180,4564;1438219,834;898815,2617;1461199,598;872566,2551;1418526,716
4638;251;2012;5;36;7;7.09.2012;0;0;0;0;9208;-3,1;-0,5;0;0;809849,8584;1297718,32;24;807299,3368;1354022,894;13,48;23,72;839011,2984;1361720,263;841614,9075;1366809,852;817036,3804;1326893,528
4639;252;2012;6;36;8;8.09.2012;0;0;0;0;9208;-3,1;-0,5;0;0;815664,1575;1192175,44;24;802304,279;1229735,965;9,48;26,24;869012,196;1244471,016;864314,4112;1245169,044;839072,9676;1208805,119
4640;253;2012;7;36;9;9.09.2012;0;0;0;0;9208;-3,1;-0,5;0;0;709184,2576;1102774,56;24;680241,1252;1112591,061;10,44;27,14;727426,8274;1139316,451;733363,9192;1138418,754;711946,7546;1105172,366
4641;254;2012;1;37;10;10.09.2012;0;0;0;0;9208;-3,1;-0,5;0;0;705864,8778;1298080,09;24;704504,7459;1292444,177;11,74;27,9;722724,5469;1359309,219;728557,5286;1357298,823;707280,7299;1317660,26
4642;255;2012;2;37;11;11.09.2012;0;0;0;0;9208;-3,1;-0,5;0;0;865440,912;1462072,94;24;891548,8512;1464489,926;12,42;28,06;892784,7936;1527330,778;895253,36;1487469,104;869108,3752;1444029,047
4643;256;2012;3;37;12;12.09.2012;0;0;0;0;9208;-3,1;-0,5;0;0;913293,9382;1511068,93;24;912647,9516;1509977,816;13,44;22,56;931068,796;1569010,174;918159,0339;1522010,024;891345,1116;1477561,234
4644;257;2012;4;37;13;13.09.2012;0;0;0;0;9208;-3,1;-0,5;0;0;809075,295;1390106,49;24;837615,501;1371942,225;8,6;15,54;872793,792;1408638,492;857956,611;1391639,385;832900,8407;1350997,94
4645;258;2012;5;37;14;14.09.2012;0;0;0;0;9208;-3,1;-0,5;0;0;834726,1407;1385299,62;24;855864,0549;1371452,316;10,16;17,04;885445,0299;1430826,185;881351,4985;1427292,058;855612,5038;1385609,412
4646;259;2012;6;37;15;15.09.2012;0;0;0;0;9208;-3,1;-0,5;0;0;822395,973;1220004,95;24;832836,0345;1217273,874;10,82;21,82;874192,8381;1248920,493;872997,7334;1250886,841;847502,7021;1214355,934
4647;260;2012;7;37;16;16.09.2012;0;0;0;0;9208;-3,1;-0,5;0;0;714178,2916;1151399,49;24;732563,9584;1139129,769;10,28;20,86;753624,1508;1169753,973;744895,1259;1173308,733;723141,204;1139043,418
4648;261;2012;1;38;17;17.09.2012;0;0;0;0;9208;-3,1;-0,5;0;0;773399,8503;1456694,6;24;803225,5506;1477125,619;7,36;22,82;822250,0638;1538448,13;818584,7538;1536951,6;794678,7995;1492066,455
4649;262;2012;2;38;18;18.09.2012;0;0;0;0;9208;-3,1;-0,5;0;0;833877,572;1410307,11;24;847410,893;1431613,091;9,08;23,9;863058,0672;1430774,733;865480,9015;1465383,5;840205,3918;1422588,431
4650;263;2012;3;38;19;19.09.2012;0;0;0;0;9208;-3,1;-0,5;0;0;769085,491;1311016,26;24;792142,7015;1310621,01;10,82;20;792674,436;1295060,026;796963,978;1332875,882;773689,4369;1293950,567
4651;264;2012;4;38;20;20.09.2012;0;0;0;0;9208;-3,1;-0,5;0;0;808168,914;1344991,42;24;809075,295;1390106,493;7,02;18,2;842514,309;1374454,017;856518,204;1391846,577;831504,441;1351199,081
4652;265;2012;5;38;21;21.09.2012;0;0;0;0;9208;-3,1;-0,5;0;0;790045,6167;1278571,93;24;780872,8413;1295925,448;3,92;19,5;815673,7113;1320865,111;818543,8616;1322897,344;794639,1015;1284263,442
4653;266;2012;6;38;22;22.09.2012;0;0;0;0;9208;-3,1;-0,5;0;0;775726,7791;1157930,74;24;771526,119;1144540,725;6,46;21,04;804452,3578;1156797,278;809985,2458;1170448,719;786330,4315;1136266,927
4654;267;2012;7;38;23;23.09.2012;0;0;0;0;9208;-3,1;-0,5;0;0;760919,6628;1241630,05;24;752166,4986;1212644,139;10,06;20,68;768464,6409;1235705,249;778590,4368;1239483,003;755852,4768;1203285,134
4655;268;2012;1;39;24;24.09.2012;0;0;0;0;9208;-3,1;-0,5;0;0;777192,777;1451347,65;24;742151,3715;1397838,256;12,24;22,36;778322,0515;1463965,856;776987,6878;1470035,273;754296,5345;1427104,353
4656;269;2012;2;39;25;25.09.2012;0;0;0;0;9208;-3,1;-0,5;0;0;802900,773;1377080,87;24;798393,42;1350294,039;10,98;23,22;822637,845;1407316,959;825462,84;1399475,802;801356,018;1358605,502
4657;270;2012;3;39;26;26.09.2012;0;0;0;0;9208;-3,1;-0,5;0;0;835846,7628;1459483,22;24;841470,0078;1434406,025;14,06;23,18;865072,6824;1469062,41;864552,5272;1451150,436;839304,1297;1408771,03
4658;271;2012;4;39;27;27.09.2012;0;0;0;0;9208;-3,1;-0,5;0;0;882130,7264;1504326,94;24;871026,4962;1449601,863;17,16;24,48;920687,9063;1500748,673;909490,8471;1498419,447;882930,0706;1454659,596
4659;272;2012;5;39;28;28.09.2012;0;0;0;0;9208;-3,1;-0,5;0;0;815756,364;1329332,89;24;817288,569;1322660,619;10,82;19,56;839625,858;1354460,796;842642,376;1391708,682;818033,8427;1351065,213
4660;273;2012;6;39;29;29.09.2012;0;0;0;0;9208;-3,1;-0,5;0;0;747525,5656;1136258,4;24;750153,3688;1119757,197;12,76;21,82;778833,1936;1143885,116;778587,612;1157406,504;755849,7345;1123605,597
4661;274;2012;7;39;30;30.09.2012;0;0;0;0;9208;-3,1;-0,5;0;0;693633,492;1145729,65;24;691745,148;1128754,593;14;18,9;703269,207;1137062,574;698473,38;1149750,888;700374,9192;1152880,995
4662;275;2012;1;40;1;1.10.2012;0;0;0;0;8889;-3,4;-1,4;0;0;728223,3963;1438723,13;24;760830,8238;1420792,964;13,92;22,06;747537,1062;1438907,114;758870,3311;1459572,377;734574,5805;1412843,173
4663;276;2012;2;40;2;2.10.2012;0;0;0;0;8889;-3,4;-1,4;0;0;887273,3212;1524781,36;24;874269,7306;1499488,053;13,34;17,88;900966,7926;1547550,389;902704,7246;1552014,273;873804,018;1502325,479
4664;277;2012;3;40;3;3.10.2012;0;0;0;0;8889;-3,4;-1,4;0;0;802903,1493;1395123,33;24;799896,3644;1396709,752;11,62;21,46;824260,3992;1404325,135;826600,1825;1414868,389;800136,0146;1369570,414
4665;278;2012;4;40;4;4.10.2012;0;0;0;0;8889;-3,4;-1,4;0;0;788560,3788;1350244,28;24;791189,4144;1349241,692;11,04;21,5;806984,5863;1357158,449;813166,9948;1369012,019;787132,8996;1325182,167
4666;279;2012;5;40;5;5.10.2012;0;0;0;0;8889;-3,4;-1,4;0;0;823895,9812;1379506,45;24;833884,2832;1358873,617;10,78;20,12;863267,5652;1486569,801;862769,3484;1441186,918;835147,2;1395046,338
4667;280;2012;6;40;6;6.10.2012;0;0;0;0;8889;-3,4;-1,4;0;0;788286,7004;1206293,2;24;781504,0004;1187906,512;8,82;22,62;814406,678;1264658,441;823149,7508;1246402,102;796796,0508;1206497,69
4668;281;2012;7;40;7;7.10.2012;0;0;0;0;8889;-3,4;-1,4;0;0;746113,1263;1221145,05;24;747582,7636;1234841,952;11,98;21,96;747489,2362;1281285,591;764155,2459;1269283,448;739690,2952;1228646,473
4669;282;2012;1;41;8;8.10.2012;0;0;0;0;8889;-3,4;-1,4;0;0;752761,969;1478691,26;24;743884,1145;1469663,414;7,08;16,3;783635,145;1539065,883;782133,6922;1526810,512;757093,1493;1477928,633
4670;283;2012;2;41;9;9.10.2012;0;0;0;0;8889;-3,4;-1,4;0;0;860722,3608;1520434,93;24;878219,5118;1509222,37;8,12;19,32;902086,3133;1559998,174;913607,0583;1567025,294;884357,306;1516855,911
4671;284;2012;3;41;10;10.10.2012;0;0;0;0;8889;-3,4;-1,4;0;0;860644,2336;1520280,52;24;866052,8352;1504852,128;9,84;13,9;892772,9184;1547221,325;905021,4368;1547850,326;876046,559;1498294,844
4672;285;2012;4;41;11;11.10.2012;0;0;0;0;8889;-3,4;-1,4;0;0;777690,9468;1385517,76;24;788560,3788;1350244,28;8,38;13,52;806744,7708;1403845,294;817361,5461;1406860,734;791193,1595;1361819,129
4673;286;2012;5;41;12;12.10.2012;0;0;0;0;8889;-3,4;-1,4;0;0;894842,8118;1510187,38;24;877628,3278;1469474,259;9,62;15,4;923283,8524;1547154,792;928945,5117;1569088,447;899204,6884;1518853,011
4674;287;2012;6;41;13;13.10.2012;0;0;0;0;8889;-3,4;-1,4;0;0;764890,6107;1216586,67;24;745445,0319;1140733,786;10,4;13,78;795111,792;1209175,146;792289,1031;1223277,861;766923,4278;1184113,787
4675;288;2012;7;41;14;14.10.2012;0;0;0;0;8889;-3,4;-1,4;0;0;772969,2768;1290852,23;24;753805,0142;1233734,172;6,38;16,66;795122,069;1314477,009;785923,2173;1318956,148;760761,3502;1276728,868
4676;289;2012;1;42;15;15.10.2012;0;0;0;0;8889;-3,4;-1,4;0;0;717697,6643;1418060,52;24;705219,1078;1385300,237;10,62;18,14;748679,9527;1472260,766;749966,4892;1454156,443;725955,8012;1407600,634
4677;290;2012;2;42;16;16.10.2012;0;0;0;0;8889;-3,4;-1,4;0;0;827603,868;1440673,22;24;807481,8024;1426387,408;8,24;14,76;888386,6628;1509773,165;870754,8365;1493725,115;842877,0273;1445902,488
4678;291;2012;3;42;17;17.10.2012;0;0;0;0;8889;-3,4;-1,4;0;0;809384,156;1421107,93;24;797888,9249;1409426,731;5,46;18,28;865155,5788;1466230,482;851772,8624;1455459,88;824502,774;1408862,341
4679;292;2012;4;42;18;18.10.2012;0;0;0;0;8889;-3,4;-1,4;0;0;834984,3272;1464053,55;24;822385,8288;1465145,218;8,08;19,98;886536,6192;1543462,279;875627,7069;1512746,607;847593,8895;1464314,994
4680;293;2012;5;42;19;19.10.2012;0;0;0;0;8889;-3,4;-1,4;0;0;894002,6088;1510733,2;24;894842,8118;1510187,379;5,56;21,78;943985,0588;1576590,543;936921,5389;1562956,286;906925,3577;1512917,176
4681;294;2012;6;42;20;20.10.2012;0;0;0;0;8889;-3,4;-1,4;0;0;748317,6501;1170978,81;24;764890,6107;1216586,668;4,94;20,94;811610,0718;1264731,432;796034,746;1216439,345;770549,1514;1177494,211
4682;295;2012;7;42;21;21.10.2012;0;0;0;0;8889;-3,4;-1,4;0;0;701616,1831;1169038,93;24;701982,3024;1172304,574;5,18;19,48;733298,4921;1224110,281;710798,3784;1262694,169;688041,6841;1222268,155
4683;296;2012;1;43;22;22.10.2012;0;0;0;0;8889;-3,4;-1,4;0;0;700686,806;1365904,67;24;693505,6082;1370260,73;5,96;19,26;741220,584;1399526,16;698690,4937;1283111,575;676321,4417;1242031,884
4684;297;2012;2;43;23;23.10.2012;0;0;0;0;8889;-3,4;-1,4;0;0;808133,7238;1423301,62;24;809414,772;1409010,077;4,72;18,88;858302,9793;1474758,106;787685,2737;1326109,259;762466,9931;1283652,968
4685;298;2012;3;43;24;24.10.2012;0;0;0;0;8889;-3,4;-1,4;0;0;783356,0776;1393662,4;24;782101,544;1373205,413;4,8;13,46;833415,4822;1416338,885;773366,6731;1400628,221;748606,8122;1355786,155
4686;299;2012;4;43;25;25.10.2012;0;0;0;0;8889;-3,4;-1,4;0;0;890811,3312;1540032,15;24;871287,9936;1527708,048;5,58;15,56;925812,6144;1575914,592;920622,5408;1572932,208;891148,1831;1522573,712
4687;300;2012;5;43;26;26.10.2012;0;0;0;0;8889;-3,4;-1,4;0;0;779562,914;1335270,19;24;775410,426;1310329,817;5,64;12,2;818338,112;1357505,097;813242,2232;1350088,972;787205,7195;1306864,954
4688;301;2012;6;43;27;27.10.2012;0;0;0;0;8889;-3,4;-1,4;0;0;893534,7564;1445813,17;24;851533,8777;1332493,133;9,46;14,58;889159,2534;1337537,174;902341,8756;1379258,866;873452,7858;1335100,954
4689;302;2012;7;43;28;28.10.2012;0;0;0;0;8889;-3,4;-1,4;1;0;756872,667;1563517,75;24;764682,8063;1274121,083;1,44;11,82;737849,5605;1493377,662;770359,7701;1369794,388;745696,1773;1325939,488
4690;303;2012;1;44;29;29.10.2012;0;0;0;0;8889;-3,4;-1,4;0;0;713249,8236;1345455,91;24;700686,806;1365904,666;-0,1;5,12;631407,3474;1027174,566;703604,0034;1272387,421;681077,642;1231651,071
4691;304;2012;2;44;30;30.10.2012;0;0;1;1;8889;-3,4;-1,4;0;0;843013,1475;1421251,32;24;844454,3406;1487270,229;-2,3;7,56;664470,5385;1073134,663;813407,6856;1377786,444;787365,8845;1333675,673
4692;305;2012;3;44;31;31.10.2012;1;0;1;1;8889;-3,4;-1,4;0;0;825413,086;1196137,45;24;865335,202;1539510,796;-0,98;9,38;718787,1285;1511978,903;848309,2387;1541186,425;821150,0406;1491844,292
4693;306;2012;4;44;1;1.11.2012;1;1;0;1;8889;-3,4;-1,4;0;0;674703,66;1085088,66;24;825856,3383;1427738,142;4,68;8,24;844548,1806;1420581,563;854193,0987;1444527,521;826845,5248;1398279,988
4694;307;2012;5;44;2;2.11.2012;0;1;0;1;8889;-3,4;-1,4;0;0;724582,8414;1338515,77;24;889618,8548;1523778,927;4,46;12,1;915937,9133;1512413,543;931004,6614;1546192,642;901197,913;1496690,232
4695;308;2012;6;44;3;3.11.2012;0;0;0;0;8889;-3,4;-1,4;0;0;761799,4188;1223685,93;24;839381,1348;1358188,126;4,1;14,42;840109,4736;1278573,653;854617,9107;1292859,718;827256,7362;1251467,934
4696;309;2012;7;44;4;4.11.2012;0;0;0;0;8889;-3,4;-1,4;0;0;688599,648;1142668,25;24;702252,99;1450686,573;9,48;16,16;718159,905;1189357,272;725549,61;1269514,527;702320,645;1228870,155
4697;310;2012;1;45;5;5.11.2012;0;0;0;0;8889;-3,4;-1,4;0;0;716001,4578;1400226,89;24;738130,6314;1392390,422;6,44;17,62;763934,6862;1438966,009;733967,8789;1333107,474;710469,3973;1290427,13
4698;311;2012;2;45;6;6.11.2012;0;0;0;0;8889;-3,4;-1,4;0;0;810593,8084;1425373,07;24;806754,5175;1360122,235;3,42;9,38;841073,0866;1453843,996;789103,103;1331571,64;763839,4297;1288940,467
4699;312;2012;3;45;7;7.11.2012;0;0;0;0;8889;-3,4;-1,4;0;0;794176,352;1384965,63;24;738527,498;1070228,243;0,8;11,68;810190,658;1384175,768;774642,2867;1395098,894;749841,5862;1350433,853
4700;313;2012;4;45;8;8.11.2012;0;0;0;0;8889;-3,4;-1,4;0;0;886365,9594;1520915,59;24;712608,36;1146048,696;0,14;13,6;908024,866;1533569,702;922677,3886;1548150,321;893137,2435;1498585,234
4701;314;2012;5;45;9;9.11.2012;0;0;0;0;8889;-3,4;-1,4;0;0;828533,3727;1386462,52;24;649883,5794;1200524,449;1,94;14,18;845969,9475;1414433,002;854064,0389;1417505,52;826720,5969;1372123,116
4702;315;2012;6;45;10;10.11.2012;0;0;0;0;8889;-3,4;-1,4;0;0;866919,935;1348033,16;24;778182,202;1250001,754;2,04;11,24;907580,4005;1372424,331;908800,6153;1377349,213;879704,7446;1333252,44
4703;316;2012;7;45;11;11.11.2012;0;0;0;0;8889;-3,4;-1,4;0;0;751637,4326;1274947,26;24;719204,0768;1193453,507;6,88;15,44;808281,184;1288403,865;796446,4211;1303448,653;770947,6464;1261717,857
4704;317;2012;1;46;12;12.11.2012;0;0;0;0;8889;-3,4;-1,4;0;0;831744,6687;1588466,45;24;796451,0598;1557555,754;10,56;14,52;872685,8514;1665591,771;880410,3858;1663797,181;852223,4476;1610529,581
4705;318;2012;2;46;13;13.11.2012;0;0;0;0;8889;-3,4;-1,4;0;0;865462,5477;1492255,02;24;847024,9908;1489434,776;8,7;13,14;930360,5703;1581932,706;922385,9629;1576955,728;892855,148;1526468,416
4706;319;2012;3;46;14;14.11.2012;0;0;0;0;8889;-3,4;-1,4;0;0;830987,1064;1421465,78;24;822206,1056;1433846,77;5,28;10,62;901338,3192;1499414,074;883018,2299;1496018,621;854747,7998;1448122,566
4707;320;2012;4;46;15;15.11.2012;0;0;0;0;8889;-3,4;-1,4;0;0;870356,6344;1492267,94;24;867507,1092;1488555,685;2,9;9,04;947416,5796;1576225,963;934795,8663;1558177,072;904867,7399;1508290,971
4708;321;2012;5;46;16;16.11.2012;0;0;0;0;8889;-3,4;-1,4;0;0;839000,2588;1426054,65;24;847580,1169;1418335,221;4,38;8,44;915278,9103;1515648,453;901532,1127;1496613,83;872668,948;1448698,719
4709;322;2012;6;46;17;17.11.2012;0;0;0;0;8889;-3,4;-1,4;0;0;782089,6244;1214391,1;24;784790,678;1220324,752;1,46;10,92;869636,6182;1315848,384;850506,3941;1290927,255;823276,8525;1249597,339
4710;323;2012;7;46;18;18.11.2012;0;0;0;0;8889;-3,4;-1,4;0;0;733636,0246;1209072,63;24;711656,7181;1207130,914;0,2;8,88;786778,8947;1306334,898;778666,4676;1264176,805;753736,9302;1223703,324
4711;324;2012;1;47;19;19.11.2012;0;0;0;0;8889;-3,4;-1,4;0;0;751003,4045;1443210,1;24;747730,0557;1428015,297;6,32;10,02;825969,6798;1550894,393;805649,1909;1517427,157;779855,7833;1468845,693
4712;325;2012;2;47;20;20.11.2012;0;0;0;0;8889;-3,4;-1,4;0;0;817527,0375;1415753,24;24;809626,2543;1395980,502;7,22;10,12;896121,6978;1524604,069;882702,1595;1502184,476;854441,8486;1454091,017
4713;326;2012;3;47;21;21.11.2012;0;0;0;0;8889;-3,4;-1,4;0;0;903833,5104;1560083,98;24;906531,3888;1550689,939;6,14;10,08;991560,816;1697032,099;985884,3744;1662240,682;954320,6146;1609022,914
4714;327;2012;4;47;22;22.11.2012;0;0;0;0;8889;-3,4;-1,4;0;0;896365,6606;1528133,56;24;889277,4308;1524708,548;5,62;10,52;989315,0884;1632090,012;974572,0031;1619660,57;943370,4166;1567806,034
4715;328;2012;5;47;23;23.11.2012;0;0;0;0;8889;-3,4;-1,4;0;0;837907,9984;1416087,54;24;829573,2896;1410031,568;6,78;10,98;913518,9976;1510084,286;906124,6744;1501748,327;877114,4757;1453668,832
4716;329;2012;6;47;24;24.11.2012;0;0;0;0;8889;-3,4;-1,4;0;0;818335,971;1275528,92;24;818465,886;1270874,412;4,58;12,16;900296,649;1375669,044;886845,201;1363634,46;858452,2478;1319976,774
4717;330;2012;7;47;25;25.11.2012;0;0;0;0;8889;-3,4;-1,4;0;0;717673,4312;1185456,44;24;725392,9232;1195487,542;3,34;12,14;775124,768;1252095,416;767593,8307;1250162,305;743018,7913;1210137,508
4718;331;2012;1;48;26;26.11.2012;0;0;0;0;8889;-3,4;-1,4;0;0;734839,076;1376818,47;24;717250,4425;1378346,723;6,2;13,86;770197,5375;1436439,735;762397,9772;1434884,218;737989,2866;1388945,422
4719;332;2012;2;48;27;27.11.2012;0;0;0;0;8889;-3,4;-1,4;0;0;872478,4491;1501091,48;24;873908,2125;1513391,399;9,72;14,32;942450,747;1605668,334;935991,9373;1599851,819;906025,5179;1548631,473
4720;333;2012;3;48;28;28.11.2012;0;0;0;0;8889;-3,4;-1,4;0;0;870744,0642;1497223,66;24;875588,7132;1511331,356;8,9;13,56;952101,1989;1602279,079;952220,1211;1615562,988;921734,1453;1563839,639
4721;334;2012;4;48;29;29.11.2012;0;0;0;0;8889;-3,4;-1,4;0;0;863186,9916;1487868,19;24;877294,0508;1495620,08;6,06;11,46;945826,8748;1582008,466;949225,2475;1582602,241;918835,1546;1531934,152
4722;335;2012;5;48;30;30.11.2012;0;0;0;0;8889;-3,4;-1,4;0;0;847402,02;1465124,09;24;856951,362;1448271,351;2,86;7,36;920311,515;1530554,319;925480,755;1530342,069;895850,8582;1481347,125
4723;336;2012;6;48;1;1.12.2012;0;0;0;0;8889;-3,4;-1,4;0;0;891859,582;1393559,22;24;863799,0805;1346391,633;2;4,84;897384,9055;1412527,241;919745,9548;1415075,667;890299,6616;1369771,055
4724;337;2012;7;48;2;2.12.2012;0;0;0;0;8889;-3,4;-1,4;0;0;729446,5584;1263011,35;24;709518,0513;1171985,343;0,52;3,5;741198,5184;1193021,63;746841,5907;1220561,176;722930,9485;1181484,078
4725;338;2012;1;49;3;3.12.2012;0;0;0;0;8889;-3,4;-1,4;0;0;779056,8294;1472584,88;24;752129,4072;1409214,194;-2,76;5,16;745281,8634;1419657,448;764013,4129;1449640,725;739553,0031;1403229,49
4726;339;2012;2;49;4;4.12.2012;0;0;0;0;8889;-3,4;-1,4;0;0;849761,439;1463009,66;24;797426,5395;1371965,331;-3,42;3,4;829528,5915;1429588,446;841277,8667;1440728,532;814343,7827;1394602,627
4727;340;2012;3;49;5;5.12.2012;0;0;0;0;8889;-3,4;-1,4;0;0;865866,2105;1447274,23;24;795841,349;1368430,224;-2,68;4,36;862781,6455;1462740,359;856406,195;1451561,411;828987,7673;1405088,683
4728;341;2012;4;49;6;6.12.2012;0;0;0;0;8889;-3,4;-1,4;0;0;954951,2734;1621985,6;24;881951,9262;1520213,148;-4,34;2,94;953878,3198;1602529,945;949034,0674;1600685,746;918650,0953;1549438,702
4729;342;2012;5;49;7;7.12.2012;0;0;0;0;8889;-3,4;-1,4;0;0;905490,8322;1497548,63;24;819155,286;1416286,624;-6,16;0,74;891121,6251;1465531,922;881304,8061;1462024,969;853089,2324;1415217,244
4730;343;2012;6;49;8;8.12.2012;0;0;0;0;8889;-3,4;-1,4;0;0;886748,7702;1401520,89;24;816755,6172;1276206,863;-4,26;-1,24;834778,5807;1264343,212;821797,3136;1280646,882;795486,9128;1239646,099
4731;344;2012;7;49;9;9.12.2012;0;0;0;0;8889;-3,4;-1,4;0;0;832713,1485;1309808,38;24;729446,5584;1263011,347;-10,12;2,42;733009,7217;1230794,838;744109,1353;1215889,716;720285,9745;1176962,179
4732;345;2012;1;50;10;10.12.2012;0;0;0;0;8889;-3,4;-1,4;0;0;954434,4955;1705784,67;24;850694,239;1607994,985;-10,56;0,88;828180,018;1593189,758;834871,6787;1585014,586;808142,6932;1534269,265
4733;346;2012;2;50;11;11.12.2012;0;0;0;0;8889;-3,4;-1,4;0;0;997588,319;1651132,94;24;909744,5994;1566280,934;-10,04;2,16;891720,0201;1525642,646;901743,0088;1542001,695;872873,0922;1492633,46
4734;347;2012;3;50;12;12.12.2012;0;0;0;0;8889;-3,4;-1,4;0;0;1048648,537;1720505,63;24;957546,1622;1600515,026;-11,12;-0,5;924779,6516;1578641,809;950768,1073;1601524,439;920328,6188;1550250,543
4735;348;2012;4;50;13;13.12.2012;0;0;0;0;8889;-3,4;-1,4;0;0;1085480,947;1736665,15;24;975269,3856;1656495,936;-12,72;0,84;946555,4592;1616810,899;965665,7344;1622062,794;934749,2882;1570131,348
4736;349;2012;5;50;14;14.12.2012;0;0;0;0;8889;-3,4;-1,4;0;0;939318,8492;1533383,07;24;895082,8916;1480335,432;-6,08;5,02;853236,9686;1424443,843;862848,3802;1419407,287;835223,7016;1373963,996
4737;350;2012;6;50;15;15.12.2012;0;0;0;0;8889;-3,4;-1,4;0;0;915789,2653;1449389,2;24;927518,8286;1465958,631;2,4;7,38;845983,8114;1343055,25;849268,6172;1331652,838;822078,7039;1289019,065
4738;351;2012;7;50;16;16.12.2012;0;0;0;0;8889;-3,4;-1,4;0;0;840974,0109;1386641,09;24;890141,6415;1400139,989;1,94;6,84;810403,2462;1308256,315;779348,0507;1257183,787;754396,692;1216934,191
4739;352;2012;1;51;17;17.12.2012;0;0;0;0;8889;-3,4;-1,4;0;0;903920,6286;1657279,52;24;994621,2111;1777607,182;1,78;5;898942,3938;1679512,428;847550,4048;1537312,036;820415,5013;1488093,944
4740;353;2012;2;51;18;18.12.2012;0;0;0;0;8889;-3,4;-1,4;0;0;929715,9676;1582581,1;24;1030475,846;1705565,892;0,6;5,48;955933,987;1621615,554;881370,602;1522581,453;853152,9218;1473834,971
4741;354;2012;3;51;19;19.12.2012;0;0;0;0;8889;-3,4;-1,4;0;0;872835,4448;1481391,67;24;981713,524;1610686,123;-0,98;6,78;911258,4184;1505654,498;844844,044;1418688,102;817795,7865;1373267,836
4742;355;2012;4;51;20;20.12.2012;0;0;0;0;8889;-3,4;-1,4;0;0;990922,6488;1645191,43;24;1108095,134;1772845,676;-3,56;4,56;996607,0604;1646350,138;932268,5185;1572383,386;902421,3069;1522042,461
4743;356;2012;5;51;21;21.12.2012;0;0;0;0;8889;-3,4;-1,4;0;0;922072,4103;1516495,68;24;1015775,035;1658193,32;-2,48;2,28;923975,8971;1497831,281;876617,8109;1445989,699;848552,2946;1399695,354
4744;357;2012;6;51;22;22.12.2012;0;0;0;0;8889;-3,4;-1,4;0;0;891012,9097;1412543,12;24;976170,9751;1544953,328;-1,44;2,92;883299,945;1417084,01;859390,7513;1416036,144;831876,771;1370700,783
4745;358;2012;7;51;23;23.12.2012;0;0;0;0;8889;-3,4;-1,4;0;0;768372,8136;1250302,55;24;804803,0857;1327000,609;-0,88;5,08;712075,4008;1098257,9;729455,8192;1133441,489;706101,7943;1097153,588
4746;359;2012;1;52;24;24.12.2012;0;0;1;1;8889;-3,4;-1,4;0;0;746351,541;1286013,47;24;821746,026;1506617,748;0,46;9,44;709689,15;1156502,043;732844,887;1277920,989;709382,3588;1237007,478
4747;360;2012;2;52;25;25.12.2012;1;0;1;1;8889;-3,4;-1,4;0;0;656570,515;1038587;24;840700,609;1431057,374;5,22;11,46;693618,479;1239001,82;743418,7578;1354686,183;719617,6999;1311314,982
4748;361;2012;3;52;26;26.12.2012;1;1;0;1;8889;-3,4;-1,4;0;0;719012,7602;1215762,88;24;972021,2908;1649731,637;4,98;11,08;843604,6584;1417138,32;929715,3931;1567154,286;899949,9215;1516980,774
4749;362;2012;4;52;27;27.12.2012;0;1;0;1;8889;-3,4;-1,4;0;0;658308,0255;1192698,85;24;859473,726;1426951,755;0,92;7,62;723300,6745;1231897,682;805942,2192;1354883,329;780139,4301;1311505,816
4750;363;2012;5;52;28;28.12.2012;0;0;0;0;8889;-3,4;-1,4;0;0;701826,7532;1194526,66;24;852669,1106;1402350,847;1,16;8,94;724241,1826;1201920,159;807486,4306;1332420,4;781634,2025;1289762,053
4751;364;2012;6;52;29;29.12.2012;0;0;0;0;8889;-3,4;-1,4;0;0;727444,3;1190347,11;24;808341,6088;1281482,418;-2,68;5,58;719521,88;1269573,351;791176,4197;1270284,344;765846,3677;1229615,326
4752;365;2012;7;52;30;30.12.2012;0;0;0;0;8889;-3,4;-1,4;0;0;775712,392;1258377,68;24;820173,228;1334592,614;-3,62;2,64;747986,091;1120871,209;778147,4858;1206819,928;753234,564;1168182,766
